{
    "loss": 17.632322311401367,
    "accuracy": 0.5686274766921997
}