{
    "loss": 0.5666843056678772,
    "accuracy": 0.8627451062202454
}