{
    "loss": 0.2973248064517975,
    "accuracy": 0.8823529481887817
}